Aakar Gupta,[Facebook]
Aaron Quigley,"[University of New South Wales, Australia]"
Abby Liu,[IRCAM]
Abdallah El Ali,[Centrum Wiskunde & Informatica (CWI)]
Abiodun Ogunyemi,[Tallinn University]
Adam Perer,[Carnegie Mellon University]
Aditya Vashistha,[Cornell]
Adrian Clear,[Northumbria University]
Adrian Friday,"[Lancaster University, UK]"
Afsaneh Doryab,[University of Virginia]
Ahmed Kharrufa,[Newcastle University]
Ahmed Sabbir Arif,"[University of California, Merced]"
Aisling Kelliher,[Virginia Tech]
Aisling O’Kane,[University of Bristol]
Alan Dix,"[Swansea University, UK]"
Alanson Sample,[University of Michigan]
Albrecht Schmidt,[LMU Munich]
Alena Denisova,[City University London]
Alena Naiakshina,[Rheinische Friedrich-Wilhelms-Universität Bonn]
Alex Mariakakis,[University of Washington]
Alexander Boden,[Fraunhofer FIT]
Alexander De Luca,[Google Inc.]
Alexander Eiselmayer,"[University of Zurich, Switzerland]"
Alexander G. Mirnig,[University of Salzburg]
Alexander Meschtscherjakov,[University of Salzburg]
Alexander Mirnig,[University of Salzburg]
Alexandra Ion,[ETH Zürich]
Alexandra Papoutsaki,"[Pomona College, USA]"
Alexis Hinker,[University of Washington]
Ali Agha Raza,[LUMS Pakistan]
Alice Oh,[KAIST - School of Computing]
Alisa Burova,[Tampere University]
Alix Goguey,"[Grenoble Alpes University, Grenoble, France, Université Grenoble-Alpes]"
Aluna Everitt,[University of Bristol]
Alvitta Ottley,[Washington University of St. Louis]
Alyssa Rumsey,[Georgia Tech]
Amanda Lazar,"[University of Maryland, College Park]"
Amanda Menking,[U of Toronto]
Amon Rapp,[University of Torino]
Amy Hurst,[NYU]
Amy Pavel,"[Carnegie Mellon, Apple]"
Amy Zhang,[University of Washington]
Ana Tajadura-Jiménez,[Universidad Carlos III de Madrid]
Anastasia Bezerianos,[University of Paris-Saclay]
Andrea Bianchi,[KAIST]
Andrea Bunt,[University of Manitoba]
Andreas Fender,[University of Sussex]
Andreas Riener,[TH Ingolstadt]
Andres Lucero,[Aalto University]
Andrew Howes,[University of Birmingham]
Andrii Matviienko,"[Technical University of Darmstadt, Technical University Darmstadt]"
André Calero Valdez,[RWTH Aachen University]
Andy Cockburn,"[University of Canterbury, Christchurch, New Zealand]"
Andy Wilson,[Microsoft Research]
Aneesha Singh,[University College London]
Angelika Strohmayer,[Northumbria University]
Anhong Guo,[University of Michigan]
Anicia Peters,"[University of Namibia, Namibia University of Science and Technology, Namibia]"
Anind Dey,"[University of Washington, US]"
Anirudha Joshi,"[Indian Institute of Technology Bombay, IIT Bombay]"
Anke Brock,"[ENAC, Université Toulouse, Ecole Nationale de l’Aviation Civie, France]"
Ann Light,"[University of Sussex, UK]"
Anna Cox,"[University College London, UK]"
Anna Maria Feit,[Saarland University]
Anne Roudaut,[University of Bristol]
Annika Hupfeld,"[Eindhoven University of Technology, Netherlands]"
Annika Waern,[Uppsala University]
Annu Sible Prabhakar,[University of Cincinnati]
Anouk van Kasteren,[Utrecht University]
Anthony Pellicone,"[University of Maryland, College Park]"
Antti Oulasvirta,[Aalto University]
Anupriya Tuli,"[IIIT Delhi, India]"
Anusha Withana,"[The University of Sydney, The University of Sydney, Australia, Saarland University, Germany]"
April Tyack,[Aalto University]
Apu Kapadia,[Indiana University]
Aqueasha Martin-Hammond,[Indiana University - Purdue University Indianapolis]
Aske Mottelson,"[University of Copenhagen, Denmark]"
Austin Toombs,[Purdue]
Azza Abouzied,[NYU Abu Dhabi]
Barrett Ens,[Monash University]
Bastian Pfleging,"[TU Bergakademie Freiberg, Eindhoven University of Technology, Netherlands, Eindhoven University of Technology]"
Ben Cowan,"[University College Dublin, Ireland]"
Benjamin Gorman,[Bournemouth University]
Benjamin Hanrahan,[Pennsylvania State University]
Benjamin Tag,[University of Melbourne]
Benjamin Tannert,[City University of Applied Sciences Bremen]
Betsy DiSalvo,[Georgia Tech]
Bill Hamilton,"[New Mexico State University, USA]"
Bingjie Yu,[NetEase]
Bjoern Hartmann,[University of California Berkeley]
Blase Ur,[University of Chicago]
Bongshin Lee,[Microsoft]
Bonnie Nardi,"[UC Irvine, USA]"
Boriana Koleva,"[University of Nottingham, UK]"
Bradley Rey,[University of British Columbia]
Bran Knowles,[Lancaster University]
Brian Bailey,[University of Illinois]
Brian Lim,[National University of Singapore]
Briana Morrison,[University of Nebraska Omaha]
Briane Paul Samson,"[Future University Hakodate, Japan, Future University Hakodate & De La Salle University]"
Briane Paul V. Samson,"[Future University Hakodate, Japan]"
Bruna Petreca,[RCA]
Bryan Semaan,[Syracuse U]
Bum Chul Kwon,[IBM Research]
Byungjoo Lee,[KAIST]
Cale Passmore,"[University of Saskatchewan, University of Saskatchewan, Canada]"
Callum Berger,[University of Nottingham]
Can Liu,"[City University of Hong Kong, City University of Hong Kong, Hong Kong]"
Carine Lallemand,[Eindhoven University of Technology]
Carl Gutwin,[University of Saskatchewan]
Carla Griggio,"[The University of Tokyo, Japan, Aarhus University, Denmark]"
Carman Neustaedter,"[Simon Fraser University, Canada]"
Carol Klyver,[Foundations of Excellence]
Caroline Appert,"[Université Paris-Saclay, CNRS, Université Paris Saclay]"
Carolyn Pang,[McGill University]
Carolyn Rose,[Carnegie Mellon University]
Carrie Cai,[Google]
Carrie Demmans Epp,[University of Alberta]
Casey Dugan,[IBM]
Casey Fiesler,[University of Colorado Boulder]
Casper Harteveld,[Northeastern University]
Catherine Letondal,[Ecole Nationale Aviation Civile]
Cayley MacArthur,"[University of Waterloo, Canada]"
Charles Perin,[University of Victoria]
Chat Wacharamanotham,[Swansea University]
Chi-Lan Yang,[University of Tokyo]
Chiara Rossitto,[Stockholm University]
Chris Elsden,[University of Edinburgh]
Chris Frauenberger,[Aarhus University]
Chris Kanich,"[University of Illinois, Chicago]"
Christian Holz,[ETH Zurich]
Christian Remy,"[Aarhus University, Denmark]"
Christian Sturm,[Technische Hochschule Ingolstadt]
Christina Chung,[Indiana University]
Christina Harrington,"[Carnegie Mellon University, DePaul]"
Christina Schneegass,[Ludwig-Maximilians-Universität München]
Christina Zaga,[University of Twente]
Christine Bauer,[Utrecht University]
Christine Dierk,[UC Berkeley]
Christopher Le Dantec,[Georgia Tech]
Ciabhan Connely,"[Georgia Tech, Georgia Institute of Technology]"
Clara Caldeira,[UC Irvine]
Clara Crivellaro,[Newcastle]
Claudia Loitsch,[TU Dresden]
Claudia-Lavinia Ignat,"[LORIA-Inria, France]"
Claudine Tinsman,[University of Oxford]
Claudio Pinhanez,[IBM Research]
Clemens Nylandsted Klokmose,[Aarhus University]
Cliff Lampe,[University of Michigan]
Colin Gray,[Purdue]
Corina Sas,[Lancaster University]
Cosmin Munteanu,"[University of Waterloo, University of Toronto Mississauga, Canada, University of Toronto]"
Cristian Bogdan,"[KTH, Sweden]"
Cristina Zaga,"[University of Twente, Design Lab, University of Twente, Netherlands, University of Twente, The Netherlands]"
Cuauhtémoc Rivera Loaiza,"[Universidad Michoacana de San Nicolás de Hidalgo, Universidad Michoacana]"
Cynthia Bennett,[CMU]
Céline Coutrix,[CNRS Grenoble]
Dafne Zuleima Morgado Ramirez,[University College London]
Daisuke Sakamoto,"[Hokkaido University, Japan]"
Daisy Yoo,[TU Eindhoven]
Dakuo Wang,"[IBM, Northeastern University, IBM Research, US, IBM Research, USA]"
Dan Russell,[Google]
Daniel Buschek,"[University of Bayreuth, Germany]"
Daniel Epstein,"[University of California, Irvine]"
Daniel Leithinger,[University of Colorado]
Daniel Rough,[University College Dublin]
Daniela Busse,"[Meta, eBay Inc., CA, USA]"
Danielle Albers Szafir,[University of Colorado Boulder]
Danielle Bragg,[Microsoft Research]
Danielle Wilde,"[University of Southern Denmark, University of Southern Denmark, Denmark]"
Danilo Gasques,[UC San Diego]
Danula Hettiachchi,"[University of Melbourne, Australia]"
Daria Loi,"[Intel Labs, US]"
Dave Murray-Rust,"[University of Edinburgh, USA]"
David A. Shamma,[Toyota Research Institute]
David Chatting,[Goldsmiths]
David Coyle,[University College Dublin]
David Flatla,"[University of Guelph, Canada]"
David Holman,[Tactual Labs]
David Lindlbauer,"[CMU, Carnegie Mellon University, ETH Zurich, Switzerland, ETH Zürich]"
David McGookin,"[Aalto University, Finland]"
David Verweij,"[Open Lab, Newcastle University, Newcastle, UK, Newcastle University, UK]"
Deborah Tatar,[Virginia Tech]
Derek Lomas,[Delft]
Dhruv Jain,[University of Washington]
Diego Martinez Plasencia,[University of Sussex]
Diego Muñoz,[Swinburne University of Technology]
Ding Wang,"[Microsoft Research, India]"
Dominic DiFranzo,[Lehigh University]
Dong-Bach Vo,"[University of Glasgow, UK]"
Dragan Ahmetovic,[University of Milan]
Duncan Brumby,"[University College London, UK]"
Duncan Reid,[University of Edinburgh]
Earl Huff,[Clemson University]
Edith Law,"[University of Waterloo, Canada, University of Waterloo]"
Eduardo Velloso,[University of Melbourne]
Edward Lank,[University of Waterloo]
Edward Melcer,"[University of California, Santa Cruz]"
Effie Law,[Leicester University]
Eiad Yafi,"[University of Technology Sydney & Institute of Business, Timor-Leste]"
Eleanor O'Rourke,[Northwestern University]
Elena Agapie,"[UC Irvine, USA]"
Elena Glassman,[Harvard University]
Elena L. Glassman,[Harvard]
Elena Márquez Segura,[Universidad Carlos III de Madrid]
Eli Blevis,[Indiana University]
Elin Carstensdottir,[University of California at Santa Cruz]
Elisa Mekeler,[Aalto University]
Elisa Mekler,"[Aalto University, Finland]"
Elisa Rubegni,[Lancaster University]
Elisabeth Churchill,"[Google, Mountain View, USA]"
Elizabeth Bonsignore,[University of Maryland]
Elizabeth Buie,"[Northumbria University, UK]"
Elizabeth Churchill,"[Google, Google, US]"
Elizabeth Eikey,[UC San Diego]
Elizabeth Murnane,[Dartmouth College]
Elizabeth Veinott,[Michigan Technological University]
Emeline Brulé,"[University of Sussex, Sussex University]"
Emilee Rader,[Michigan State University]
Emmanuel Pietriga,[Inria]
Enrico Rukzio,[University of Ulm]
Eran Toch,[Tel Aviv University]
Eric Hekler,[UC San Diego]
Eric Whitmire,[Facebook Reality Labs]
Erica Kleinman,[University of California Santa Cruz]
Erik Harpstead,[Carnegie Mellon University]
Erin Cherry,[Northrop Grumman Mission Systems]
Erin Solovey,[Worcester Polytechnic Institute]
Erin Walker,[University of Pittsburgh]
Esben Sørig,[Goldsmiths University of London]
Euan Freeman,"[University of Glasgow, UK]"
Eugénie Brasier,[CNRS & Université Paris Saclay]
Eun Kyoung Choe,[University of Maryland]
Eunice Sari,[UX Indonesia]
Eva Hornecker,"[Bauhaus-Universität Weimar, Bauhaus-Universität Weimar, Germany]"
Eve Hoggan,[Aarhus University]
Ewa Luger,"[University of Edinburgh, UK]"
Eyal Ofek,[Microsoft Research]
Eytan Adar,[University of Michigan]
Fabiano Pinatti,[University of Siegen]
Fabio Paterno,[CNR Italy]
Fanny Chevalier,[University of Toronto]
Faraz Faruqi,[Massachusetts Institute of Technology]
Fatma Meawad,"[University of Glasgow, Singapore]"
Fernando Maestre,[Indiana University]
Fiona Draxler,[LMU Munich]
Florian 'Floyd' Mueller,"[Monash University, Melbourne, Australia]"
Florian Alt,[Bundeswehr University Munich]
Florian Block,[University of York]
Florian Echtler,[Bauhaus-Universität Weimar]
Florian Schaub,"[University of Michigan, Ann Arbor]"
Foad Hamidi,[U of Maryland]
Francisco Nunes,[Fraunhofer Portugal AICOS]
Frank Bentley,"[Google, Yahoo]"
Frank Steinicke,"[Universität Hamburg, University of Hamburg]"
Frank Vetere,"[University of Melbourne, Australia]"
Fraser Anderson,[Autodesk Research]
Frederik Brudy,"[University College London, UK]"
Gabreila Richard,[Pennsylvania State University]
Gahgene Gweon,[Seoul National University]
Garreth Tigwell,[Rochester Institute of Technology]
Gary Hsieh,[University of Washington]
Gavin Doherty,[Trinity College Dublin]
Ge Gao,"[University of Maryland, USA]"
Germán Leiva,[Aarhus University]
Gionnieve Lim,[Singapore University of Technology and Design]
Giovanni Troiano,[Northeastern University]
Gonzalo Ramos,[Microsoft Research]
Gopianath Kanabiran,[Aarhus Univ]
Gopinaath Kannabiran,"[IT University of Copenhagen, Aarhus University, Denmark]"
Graham Wilson,"[University of Strathclyde, UK]"
Greg Wadley,[University of Melbourne]
Guihuan Feng,"[Nanjing University, China]"
Gunnar Stevens,[University of Siegen]
Gözel Shakeri,[Carl von Ossietzky University of Oldenburg]
Günter Wallner,[TU Eindhoven]
Haiyi Zhu,[Carnegie Mellon University]
Haley MacLeod,"[Facebook, Indiana University, US]"
Hans Gellersen,[Aarhus University]
Hans-Christian Jetter,"[University of Applied Sciences Upper Austria, Hagenberg Campus]"
Hao-Chuan Wang,"[University of California Davis, US]"
Hao-Hua Chu,[National Taiwan University]
Hasti Seifi,[Max Planck Institute]
Heekyoung Jung,[University of Cincinnati]
Heike Winschiers-Theophilus,[Namibia University of Science and Technology]
Helen Petrie,[University of York]
Heloisa Candello,"[IBM, IBM Research, Brazil]"
Heloisa de Souza Pereira Candello,[IBM Brazil]
Henning Pohl,[University of Copenhagen]
Hideaki Kuzuoka,[The University of Tokyo]
Hideyuki Nakanishi,"[Osaka University, Japan]"
Horia Maior,"[University of Lincoln, UK]"
Huaishu Peng,[University of Maryland]
Hugo Romat,[Microsoft]
Hwajung Hong,"[Seoul National University, Korea]"
Hyunyoung Kim,[University of Copenhagen]
Ian Oakley,"[Ulsan National Institute of Science and Technology, South Korea]"
Ignacio (Nacho) Avellino,"[University of Maryland Baltimore County, MD, USA]"
Ignacio Avellino,[University of Maryland Baltimore County]
Ihudiya Finda Williams,[University of Michigan]
Ingmar Weber,[Qatar Computing Research Institute]
Irina Shklovski,"[IT University of Copenhagen, Denmark]"
Ishrat Ahmed,[University of Pittsburgh]
Iulian Radu,[Harvard University]
Jacob Thebault-Spieker,[Virginia Tech]
Jaelle Scheuerman,[U.S. Naval Research Laboratory]
Jaeyeon Lee,[Ulsan National Institute of Science and Technology]
Jakita O. Thomas,"[Auburn University, USA]"
Jakob Karolus,"[LMU Munich, German Research Center for Artificial Intelligence (DFKI)]"
Jalal Mahmud,[IBM Research]
James Pierce,[University of Washington]
Jamie Mahoney,[Northumbria University]
Jamy Li,"[University of Twente, Netherlands]"
Jan Borchers,[RWTH Aachen]
Jan Gugenheimer,[Institut Polytechnique de Paris]
Janet Huang,"[Technical University of Eindhoven, Netherlands]"
Janne Lindqvist,"[Aalto, Rutgers]"
Jasmin Niess,[University of Bremen]
Jasmine Jones,[Berea College]
Jason Alexander,[University of Bath]
Jason Jacques,[University of Cambridge]
Jason Yip,[University of Washington]
Jed Brubaker,"[University of Colorado Boulder, USA, CU Boulder]"
Jeff Nichols,[Apple]
Jeffrey Bardzell,"[Indiana University, USA, Pennsylvania State University]"
Jeffrey Bigham,[Carnegie Mellon University]
Jeni Paay,"[Swinburne University of Technology, Melbourne, Australia]"
Jennefer Hart,"[BBC, UK]"
Jennifer Pearson,[Swansea University]
Jennifer Rode,[UCL]
Jenny Waycott,[U of Melbourne]
Jessica Cauchard,[Ben Gurion University of the Negev]
Jessica Colnago,"[Carnegie Mellon University, USA, Carnegie Mellon University, US]"
Jessica Hammer,[Carnegie Mellon University]
Jessica Roberts,[Georgia Tech]
Jie Cai,[Penn State University]
Jie Li,[CWI]
Jim Wallace,[University of Waterloo]
Jin Huang,"[A M As Institute of Software, Chinese Academy of Sciences (ISCAS)]"
Jina Huh-Yoo,"[Drexel University, USA]"
Jinghui Cheng,[Polytechnique Montréal]
Jinwook Seo,[Seoul National University]
Jo Vermeulen,[Autodesk Research]
Joanna Bergström-Lehtovirta,"[University of Copenhagen, Denmark]"
Joanna McGrenere,"[University of British Columbia, Vancouver, Canada]"
Joe Tulio,[Google]
Joel Chan,"[University of Maryland, USA]"
Joel Fischer,"[University of Nottingham, UK]"
Joel Lanir,[University of Haifa]
Jofish Kaye,"[Mozilla, Mozilla, US]"
Johanna Ylipulli,[Aalto University]
Johannes Zagermann,[University of Konstanz]
John Dudley,[University of Cambridge]
John Rooksby,"[Northumbria University, UK]"
John Tang,"[Microsoft Research, USA]"
John Vines,[Northumbria University]
John Wenskovitch,[Pacific Northwest National Laboratory]
John Williamson,[University of Glasgow]
John Zimmerman,[Carnegie Mellon]
Jonah-Noël Kaiser,[Carl von Ossietzky University of Oldenburg]
Jonas Fritsch,[ITU]
Jonna Häkkilä,"[University of Lapland, Rovaniemi, Finland]"
Jordan Deja,[University of Primorska]
Jorge Goncalves,"[University of Melbourne, Australia]"
Jose Such,[King's College London]
Josep Blat,[Universitat Pompeu Fabra]
Josh Andres,"[IBM Research & Exertion Games Lab RMIT, Melbourne, Australia]"
João Guerreiro,[Universidade de Lisboa]
João Moreira,"[INESC-ID: Instituto de Engenharia de Sistemas e Computadores, Investigação e Desenvolvimento em Lisboa]"
Jude Yew,[Google]
Juho Kim,"[KAIST, Korea Advanced Institute of Science and Technology, South Korea]"
Julia Dunbar,[University of Washington]
Julian Frommel,"[Utrecht University, University of Saskatchewan]"
Julian Rasch,[LMU Munich]
Julie Kientz,[University of Washington]
Julie R. Williamson,[University of Glasgow]
Julie Williamson,[University of Glasgow]
Jun Kato,"[National Institute of Advanced Industrial Science and Technology (AIST) & Arch Inc., Japan, National Institute of Advanced Industrial Science and Technology (AIST)]"
Jürgen Steimle,[Saarland University]
Kaisa Väänänen,[Tampere University]
Kaori Ikematsu,[Yahoo Japan Corporation]
Karin Slegers,[Tilburg University]
Kashyap Todi,"[Facebook Reality Labs, Aalto University, Finland, Aalto University]"
Kasper Hornbæk,[University of Copenhagen]
Katarzyna (Kathy) Stawarz,"[University of Bristol, UK]"
Katarzyna Stawarz,"[Bristol University, UK]"
Katharina Krombholz,"[CISPA Helmholtz Center for Information Security (Saarbrücken, Germany)]"
Katherine Isbister,[University of California Santa Cruz]
Kathleen McCoy,[University of Delaware]
Kathrin Gerling,[KU Leuven]
Kathryn Ringland,[University of California]
Katie A. Siek,"[Indiana University, US]"
Katie Davis,[University of Washington]
Katja Rogers,[University of Waterloo]
Katrin Wolf,"[Beuth University of Applied Sciences Berlin, University of Hamburg, Germany, Hamburg University of Applied Sciences, Germany]"
Katta Spiel,"[TU Wien, KU Leuven, Belgium, KU Leuven || Universität Wien]"
Kayla Desportes,[New York University]
Keith Vertanen,[Michigan Technological University]
Kellie Morrissey,[University of Limerick]
Ken Pfeuffer,[Bundeswehr University Munich]
Kent Seamons,[Brigham Young University]
Kentaro Toyama,"[University of Michigan, USA]"
Kevin Doherty,[Technical University of Denmark]
Khairi Reda,[Indiana University-Purdue University Indianapolis]
Kim Marriott,[Monash University]
Koji Yatani,"[University of Tokyo, University of Tokyo, Japan]"
Konstantinos Koumaditis,[Aarhus University]
Kotaro Hara,[Singapore Management University]
Kristin Williams,[CMU]
Kristina Andersen,[TU Eindhoven]
Kristy Boyer,[University of Florida]
Krzysztof Gajos,[Harvard University]
Kurt Luther,[Virginia Tech]
Kwan-Liu Ma,"[University of California, Davis]"
Kyle Rector,"[University of Iowa, USA, U of Iowa]"
Lana Yarosh,[University of Minnesota]
Lap-Fai (Craig),[George Mason University]
Lars Erik Holmquist,[Northumbria University]
Laura Maye,[University College Cork]
Laura Trutoiu,[Magic Leap]
Lauren Wilcox,[GeogiaTech/Google]
Leah Findlater,"[University of Washington, University of Washington, Seattle, USA]"
Leila Takayama,"[University of California, Santa Cruz]"
Leilani Battle,"[University of Maryland, College Park]"
Lewis Chuang,"[Ludwig-Maximilian-Universität München, Germany]"
Liam D. Turner,[Cardiff University]
Lila Bozgeyikli,"[University of Arizona, USA]"
Lilly Irani,[UCSD]
Lindsay Reynolds,"[Facebook, US]"
Lining Yao A F Am,[Carnegie Mellon University]
Lionel Robert,"[University of Michigan, USA]"
Lisa Anthony,[University of Florida]
Lisa Tweedie,"[TIBCO, UK]"
Lisa Vizer,[University of North Carolina at Chapel Hill]
Liwei Chen,[NCTU Taiwan]
Lizzie Coles-Kemp,"[Royal Holloway University London, UK]"
Lone Hansen,[Aarhus Univ]
Loren Terveen,"[University of Minnesota, USA]"
Louise Barkhuus,"[IT University of Copenhagen, IT University of Copenhagen, Denmark]"
Loutfouz Zaman,[Ontario Tech University]
Luigi De Russis,"[Politecnico di Torino, Italy]"
Lujo Bauer,[Carnegie Mellon University]
Lung-Pan Cheng,[National Taiwan University]
Lyn Bartram,[Simon Fraser University]
Lynn Dombrowski,[IUPUI]
Lynne Baillie,"[Heriot-Watt University, Heriot Watt University]"
Lynne Coventry,[Northumbria University]
Lynne Hall,"[University of Sunderland, UK]"
Madeline Balaam,"[KTH Royal Institute of Technology, Stockholm, Sweden]"
Madison Klarkowski,[University of Saskatchewan]
Maggie Jack,[Cornell / UC Irvine]
Magy Seif El-Nasr,[Northeastern University]
Mainack Mondal,[IIT Kharagpur]
Maja Vukovic,"[IBM, Yorktown Heights, USA]"
Makayla Lewis,[Kingston University London]
Maletsabisa (Tsabi) Molapo,[IBM Research Africa]
Maliheh Ghajargar,[Malmo]
Manya Sleeper,[Google Inc.]
Marc Langheinrich,"[University of Lugano, Università della Svizzera italiana (USI)]"
Marco Gillies,[Goldsmiths University of London]
Marcos Serrano,[University of Toulouse]
Margaret Burnett,[Oregon State University]
Margot Brereton,[Queensland University of Technology]
Maria Aufheimer,[KU Leuven]
Maria Menendez Blanco,[The Free University of Bozen-Bolzano]
Maria Roussou,"[National and Kapodistrian University of Athens, Greece]"
Maria Wolters,"[Alan Turing Institute, London, UK, University of Edinburgh, UK, University of Edinburgh]"
Marianna Obrist,[University College London]
Marie Louise Juul Søndergaard,[KTH]
Marilyn Lennon,"[University of Strathclyde, UK, University of Strathclyde]"
Mario Alberto Moreno Rocha,[Universidad Tecnológica de la Mixteca]
Marion Koelle,[Saarland University]
Marisol Wong-Villacres,"[Georgia Tech, Escuela Superior Politécnica del Litoral]"
Mark Billinghurst,[University of South Australia]
Mark Blythe,[Northumbria University]
Mark Dunlop,[University of Strathclyde]
Mark Handel,"[Facebook, US]"
Mark Riedl,[Georgia Tech]
Mark Rouncefield,"[Lancaster University, UK]"
Markus Funk,[Cerence Inc.]
Marshini Chetty,[University of Chicago]
Martez Mott,[Microsoft Research]
Marti Louw,[CMU]
Martin Flintham,"[Nottingham University, UK]"
Martin Halvey,"[University of Strathclyde, UK]"
Mary Lou Maher,[UNC Charlotte]
Maryam Mustafa,"[Lahore University of Management Sciences, Lahore University of Management]"
Marynel Vázquez,[Yale University]
Masa Inakage,"[Keio University, Japan]"
Mathew Aylett,[CEREProc]
Matt Jones,"[Swansea University, UK]"
Matthew Easterday,[Northwestern University]
Matthew Kay,[Northwestern University]
Matthew Louis Mauriello,[University of Delaware]
Matthew Mauriello,[Stanford]
Matthieu Tixier,[University of Troyes]
Maurizio Teli,[Aalborg Univ]
Max Birk,"[TU Eindhoven University of Technology, Netherlands]"
Max Krüger,[University of Siegen]
Max L. Wilson,[University of Nottingham]
Max Van Kleek,[University of Oxford]
Max Wilson,[University of Nottingham]
Max van Kleek,"[University of Oxford, UK]"
Maximiliane Windl,[LMU Munich]
Mayank Goel,[Carnegie Mellon University]
Megan Hofmann,[Northeastern University]
Megan Knittel,[Michigan State University]
Melanie Tory,[Tableau Software]
Melissa Densmore,[University of Cape Town]
Melissa Rogerson,[University of Melbourne]
Mia Suh,"[Google, USA]"
Michael Crabb,[Univ of Dundee]
Michael Haller,[University of Applied Sciences Upper Austria]
Michael Lankes,[FH Hagenberg]
Michael Lee,[New Jersey Institute of Technology]
Michael Madaio,"[Microsoft Research, USA]"
Michael Mueller,[IBM]
Michael Nitsche,[GaTech]
Michael Prilla,[TU Clausthal]
Michael Stewart,"[James Madison University, VA, USA]"
Michelle Annett,[MishMashMakers]
Michelle Lui,[University of Toronto]
Miguel Nacenta,[University of Victoria]
Mihaela Vorvoreanu,"[Microsoft, USA]"
Mike Chen,[National Taiwan University]
Mike Clarke,[Facebook]
Mike Fraser,[University of Bath]
Mike Hazas,"[Lancaster University, Lancashire, UK, Lancaster University, UK]"
Mike Horn,[Northwestern]
Mike Schaekermann,[Amazon AI]
Min Chi,[North Carolina State]
Ming Yin,"[Purdue University, USA]"
Mingming Fan,[Rochester Institute of Technology]
Mingrui Ray Zhang,"[University of Washington, USA]"
Minha Lee,[Eindhoven University of Technology]
Mirjana Prpa,[SIAT SFU]
Misha Sra,[UC Santa Barbara]
Mohamed Khamis,[University of Glasgow]
Mohit Jain,[Microsoft Research India]
Monica Landoni,[Università Della Svizzera Italiana]
Monica Pereira,[Brunel University London]
Mor Naaman,[Cornell Tech]
Munmun Chaudhury,[Georgia Tech]
Nadia Boukhelifa,[INRAE]
Naomi Yamashita,"[Nippon Telegraph and Telephone Corporation, Japan, NTT]"
Nathalie Riche,[Microsoft Research]
Naveena Karusala,[University of Washington]
Nazanin Andalibi,"[University of Michigan, US]"
Neha Kumar,"[Georgia Institute of Technology, Atlanta, USA, Georgia Tech]"
Nervo Verdezoto,[Cardiff University]
Netta Iivari,[Oulu University]
Nicholas Diakopoulos,[Northwestern University]
Nicholas Graham,[Queen's University]
Nicola Dell,[Cornell University]
Nicolai Marquardt,[University College London]
Nicole Sultanum,"[University of Toronto, Canada]"
Niels Henze,[University of Regensburg]
Niels van Berkel,"[Aalborg University, Denmark, University of Melbourne, Australia, Aalborg University]"
Nikita Samarin,"[University of California, Berkeley]"
Niklas Elmqvist,[University of Maryland]
Nikola Banovic,[Michigan]
Nikolas Martelaro,"[Carnegie Mellon University, USA]"
Niloufar Salehi,[Berkeley]
Nitesh Goyal,"[Google, US]"
Nithya Sambasivan,"[Google AI, USA]"
Nolwenn Maudet,[University of Strasbourg]
Nora McDonald,[UMBC]
Norman Makoto Su,"[University of California, Santa Cruz]"
Nova Ahmed,"[North South University, North South University, Bangladesh]"
Oliver Bates,"[Lancaster University, UK]"
Oliver Haimson,[University of Michigan]
Oliver Schneider,[University of Waterloo]
Ollie Hanton,[University of Bristol]
Oren Zuckerman,[Interdisciplinary Center Herzliya]
Otmar Hilliges,[ETH Zurich]
Oussama Metatla,[University of Bristol]
Oğuz 'Oz' Buruk,[Tampere University]
Pablo Cesar,[CWI]
Parinya Punpongsanon,[Osaka University]
Parisa Eslambolchilar,[University of Cardiff]
Parmit Chilana,"[Simon Fraser University, Canada]"
Passant Elagroudy,[German Centre for Artificial Intelligence (DFKI)]
Patricia Cornelio Martinez,"[University College London, UK]"
Patrick Gage Kelley,[Google]
Patrick Shih,"[Indiana University, USA]"
Patrizia Marti,[University of Siena]
Patrycja Zdziarska,[Indiana University (USA)]
Paul Denny,"[University of Auckland, New Zealand]"
Paul Parsons,"[Purdue University, USA]"
Paul Strohmeier,[Saarland University]
Paula Lago,"[Concordia University, Kyushu Institute of Technology, Japan]"
Pawel Wozniak,[Utrecht University]
Pedja Klasnja,[University of Michigan]
Pedro Lopes,[University of Chicago]
Pedro Reynolds-Cuéllar,[MIT Media Lab]
Pedro Sanches,[KTH]
Peggy Chi,[Google]
Pei-Yi (Patricia) Kuo,[National Tsing Hua University]
Pejman Mirza-Babaei,[Ontario Tech University]
Penny Kyburz,[Australian National University]
Per Ola Kristensson,[University of Cambridge]
Pernilla Qvarfordt,"[eBay, USA]"
Pernille Bjorn,"[University of Copenhagen, Copenhagen, Denmark]"
Pernille Bjørn,[University of Copenhagen]
Perttu Hamalainen,[Aalto University]
Peter Frohlich,[AIT]
Peter Krogh,[Aarhus University]
Peter Tolmie,[University of Siegen]
Petr Slovak,[University College London]
Phil Palanque,"[Université Paul Sabatier – Toulouse 3, France]"
Philippe Palanque,"[Université Toulouse III Paul Sabatier, France]"
Phillip Guo,[UC San Diego]
Pierre Dragicevic,"[Inria, France]"
Pin Sym Foong,[National University of Singapore]
Pranjal Jain,"[theUXWhale, India]"
Priyank Chandra,[University of Toronto]
Qian Yang,[Carnegie Mellon University]
Rachel Clarke,[Northumbria University]
Radu-Daniel Vatavu,"[University Stefan cel Mare of Suceava, Romania]"
Raf Ramakers,[Hasselt University]
Rafal Kocielnik,"[University of Washington, Seattle, USA]"
Rahul Divekar,[RPI]
Raimund Dachselt,[Technische Universität Dresden]
Rajan Vaish,"[Snap Research, Santa Monica, USA]"
Rakesh Patibanda,"[Exertion Games Lab, RMIT University, Australia]"
Rama Adithya Varanasi,[Cornell University]
Ranjitha Kumar,[University of Illinois]
Raphael Wimmer,[University of Regensburg]
Rebecca Fiebrink,"[Creative Computing Institute, University of the Arts London]"
Rebecca Quintana,[University of Michigan]
Reem Talhouk,[Newcastle]
Regina Bernhaupt,"[Eindhoven University of Technology, Netherlands]"
Rene Kizilcec,[Cornell University]
Renee Noortman,"[Eindhoven University of Technology, Netherlands]"
Ricarose Roque,[University of Colorado]
Richard Wetzel,[Hochschule Luzern]
Rick Kazman,"[University of Hawai'i, Honolulu, Hawai'i, USA]"
Rina R. Wehbe,"[University of Waterloo, Canada]"
Rina Wehbe,"[University of Waterloo, University of Waterloo, Canada]"
Rita Borgo,[King's College London]
Rita Orji,[Dalhousie University]
Rob Comber,"[KTH, KTH Royal Institute of Technology, KTH Royal Institute of Technology, Sweden, RISE Research Institutes of Sweden, Sweden, Royal Institute of Technology Stockholm]"
Robb Lindgren,[University of Illinois]
Robert Soden,[University of Colorado]
Robert Xiao,[University of British Columbia]
Roberto Martinez-Maldonado,[Monash University]
Robin Brewer,"[University of Michigan, Ann Arbor, USA, U of Michigan]"
Roderick Murray-Smith,[University of Glasgow]
Rohit Ashok Khot,"[RMIT University, Australia, RMIT University]"
Roisin McNaney,[Monash University]
Roman Rädle,"[Facebook, USA, Aarhus University, Denmark]"
Ron Metoyer,[University of Notre Dame]
Ronald Schroeter,[Queensland University of Technology]
Rong-Hao Liang,[Eindhoven University of Technology]
Roxane Rose,[Executivevents]
Rua Williams,[Purdue University]
Ruofei Du,[Google]
Ruta Desai,[Facebook]
Ryan M. Kelly,[University of Melbourne]
Salvatore Andolina,[University of Palermo]
Samantha Krening,[Ohio State University]
Sameer Patil,[University of Utah]
Samuel Mann,"[Otago Polytechnic, New Zealand]"
Sandy Gould,"[University of Birmingham, United Kingdom, University of Birmingham, UK]"
Sanorita Dey,"[University of Maryland, USA]"
Sara Nabil,[Queen's University]
Sarah Fox,[CMU]
Sauvik Das,"[Georgia Tech, USA]"
Sayamindu Dasgupta,[UNC Chapel Hill]
Sayan Sarcar,[University of Tsukuba]
Scarlett Miller,[Penn State]
Scott Bateman,[University of New Brunswick]
Scott Robertson,"[University of Hawai'i, Honolulu, Hawai'i, USA]"
Sean Follmer,[Stanford University]
Sean Rintel,[Microsoft Research]
Sebastian Boring,[Aalborg University Copenhagen]
Selen Turkay,[Queensland University of Technology]
Shagun Jhaver,"[University of Washington, USA]"
Shaimaa Lazem,"[City for Scientific Research and Technological Applications, City of Scientific Research and Technological Applications (SRTA-City)]"
Shamsi Iqbal,[MSR]
Shaomei Wu,[Facebook]
Shaowen Bardzell,[Pennsylvania State University]
Shari Trewin,"[IBM Research, Yorktown, USA]"
Sharon Oviatt,"[Monash University, Australia]"
Shaun Kane,[University of Colorado Boulder]
Shaun Lawson,[Northumbria University]
Sheena Erete,[DePaul University]
Shengdong Zhao,"[National University of Singapore, Singapore, National University of Singapore]"
Shercole K.,[VIA LINK]
Shion Guha,[Marquette University]
Shixia Liu,[Tsinghua University]
Shumin Zhai,"[Google, USA]"
Silvia Lindtner,[U of Michigan]
Simon Perrault,"[Singapore University of Technology and Design, Singapore University of Technology and Design, Singapore]"
Simon Robinson,[Swansea University]
Simon Voelker,[RWTH Aachen University]
Simone Barbosa,[PUC-Rio]
Simone Kriglstein,"[University of Vienna & AIT Austrian Institute of Technology GmbH, AIT Austrian Institute of Technology, Austria, University of Vienna]"
Simone Stumpf,[City University of London]
Siobahn Day Grady,[North Carolina Central University]
Sonali Mishra,[University of Washington]
Sonali R. Mishra,"[University of Washington, US]"
Sowmya Somanath,[University of Victoria]
Stacey Kuznetsov,"[Arizona State University, Tempe, USA, Arizona]"
Stacy Branham,[U of California]
Stanley Chang,"[National Chiao Tung University, Taiwan]"
Stefan Manojlovic,"[TomTom, Philips, Amsterdam, Netherlands]"
Stefan Schneegass,[University of Duisburg-Essen]
Stefanie Mueller,[Massachusetts Institute of Technology]
Stephanie Jordan,[Michigan State University]
Stephanie Wilson,"[City University, London]"
Stephen Intille,[Northeastern University]
Stephen Schueller,[University of California Irvine]
Stephen Uzor,[Cambridge University]
Steve Feiner,[Columbia University]
Steve Harrison,[Virginia Tech]
Steve Jackson,[Cornell]
Steven Dow,[UCSD]
Steven Drucker,[Microsoft Research]
Steven Houben,[Lancaster University]
Steven Rick,"[University of California San Diego, USA]"
Stevie Chancellor,[Northwestern University]
Stéphane Huot,[Inria]
Sucheta Ghoshal,"[Georgia Tech, USA]"
Sue Fussell,"[Cornell University, US]"
Sun Young Park,[University of Michigan]
Sunyoung Kim,"[Rutgers University, US, Rutgers University, Rutgers]"
Suranga Nanayakkara,"[University of Auckland, New Zealand]"
Susan Dray,[Dray & Associates]
Susan Fussell,"[Cornell University, USA]"
Susanne Boll,[University of Oldenburg]
Sven Mayer,"[LMU Munich, Carnegie Mellon University, PA, USA, Carnegie Mellon University, USA]"
Swamy Ananthanarayan,"[Monash University, Melbourne]"
Syed Ishtiaque Ahmed,[U of Toronto]
Sylvain Malacria,"[Inria, France, Inria]"
Szu-Yu (Cyn) Liu,[Indiana University]
Takeo Igarashi,[The University of Tokyo]
Takuji Narumi,[University of Tokyo]
Tamara Munzner,[University of British Columbia]
Tammy Clegg,"[University of Maryland, College Park]"
Tanja Döring,[University of Bremen]
Tawfiq Ammari,"[Rutgers University School of Communication and Information, University of Michigan]"
Taylor Vick,[Executivevents]
Teresa Almeida,[ITU]
Teresa Hirzle,[Ulm University]
Tesh Goyal,"[Google Research, Google, USA]"
Tessy Cerrantto Pargman,[Stockholm University]
Theodoros Georgiou,[Heriot-Watt University]
Thomas Kosch,"[TU Darmstadt, Utrecht University]"
Thomas Ludwig,[University of Siegen]
Thomas Olsson,[Tampere University]
Thomas Pietrzak,[University of Lille]
Thu Marianski,[Carl von Ossietzky University of Oldenburg]
Tilman Dingler,[University of Melbourne]
Timothy Neate,[King's College London]
Tobias Höllerer,[University of California Santa Barbara]
Tom Horak,"[Technische Universität Dresden, Germany, TU Dresden, Germany]"
Tom Jenkins,[ITU]
Tommaso Colombino,"[Naver Labs, France]"
Tone Bratteteig,[Unknown]
Tongshuang (Sherry) Wu,[University of Washington]
Toni-Jan Keith Monserrat,[University of the Philippines Los Banos]
Tonja Machulla,"[Ludwig Maximilian University Munich, Germany]"
Tony Tang,"[University of Calgary, Canada]"
Tousif Ahmed,[Samsung Research]
Tovi Grossman,"[University of Toronto, Canada, Autodesk Research, Canada, University of Toronto]"
Troels Mønsted,"[Roskilde University, Roskilde, Denmark]"
Troy Nachtigal,"[HvA, Amsterdam]"
Uichin Lee,"[Korea Advanced Institute of Science and Technology, Korea]"
Uran Oh,[Ewha Woman's University]
Uta Hinrichs,[University of Saint Andrews]
Uwe Grünefeld,[University of Duisburg-Essen]
Valentina Shin,[Adobe Research]
Valkyrie Savage,[Tactual Labs]
Vanessa Evers,"[Nanyang Technological University, Singapore]"
Vanessa Peña-Araya,[Inria]
Vasiliki Tsaknaki,[IT University of Copenhagen (ITU)]
Vasilis Vlachokyriakos,[University of Newcastle]
Vassilis Kostakos,"[University of Melbourne, Australia]"
Venkatesh Potluri,[University of Washington]
Vera Liao,[IBM]
Verena Fuchsberger,[University of Salzburg]
Vicky McArthur,[Carleton University]
Victor Kaptelinin,[Umea University]
Vidya Setlur,[Tableau Research]
Viktoria Pammer-Schindler,[Graz University of Technology]
Ville Mäkelä,"[University of Waterloo, LMU Munich]"
Vineet Pandey,[Harvard]
Vinoba Vinayagamoorthy,"[BBC, Samsung]"
Vivek Singh,[Rutgers University]
Volker Wulf,[U of Siegen]
Walter Lasecki,"[University of Michigan, Ann Arbor, USA]"
Wanyu 'Abby' Liu,"[IRCAM Centre Pompidou, Paris, France]"
Wendy Ju,[Cornell Tech]
Wendy Mackay,"[Inria, Université Paris-Saclay]"
Wilko Heuten,"[OFFIS – Institute for IT, OFFIS Institute for IT]"
Will Odom,[SFU]
William (Bill) Hamilton,"[New Mexico State University, US]"
Xiang ‘Anthony’ Chen,[UCLA]
Xianghua Ding,[Fudan University]
Xiaojuan Ma,[Hong Kong University of Science and Technology]
Xiaojun Bi,[Stony Brook University]
Xiaoru Yuan,[Peking University]
Xinning Gui,[Penn State University]
Xinru Page,"[Bentley University, US]"
Xu Wang,[Carnegie Mellon University]
Yaliang Chuang,[TU Eindhoven]
Yang Li,[Google Research]
Yang Wang,[University of Illinois at Urbana-Champaign]
Yasamin Heshmat,[Simon Fraser University]
Yasemin Acar,[Leibniz University Hannover]
Yasuyuki Sumi,"[Future University Hakodate, Japan]"
Yaxing Yao,[Carnegie Mellon University]
Yea-Seul Kim,[University of Wisconsin-Madison]
Yelena Mejova,[ISI Foundation]
Yi Chi Liao,[Aalto University]
Yi-Chi Liao,[Aalto University]
Yixuan (Janice) Zhang,[Georgia Institute of Technology]
Yomna Abdelrahmen,[Bundeswehr University Munich]
Yoshifumi Kitamura,[Tohoku University]
Yubo Kou,"[Pennsylvania State University, USA]"
Yue Jiang,[Aalto University]
Yuhang Zhao,[Cornell Tech]
Yuki Koyama,[National Institute of Advanced Industrial Science and Technology (AIST)]
Yun Huang,"[University of Illinois at Urbana-Champaign, USA]"
Yuta Sugiura,[Keio University]
Yvette Wohn,"[New Jersey Institute of Technology, USA]"
Z Toups,[New Mexico State University]
Zach Pardos,[Berkeley]
Zainab AlMeraj,[Kuwait University]
Zhanna Sarsenbayeva,"[University of Melbourne, Australia]"
Zhongyi Zhou,[University of Tokyo]
Zinaida Benenson,[University of Erlangen-Nuremberg]
