name,affiliation
Fritz Henglein,"Department of Computer Science, University of Copenhagen (DIKU), Denmark, General Chair"
Benjamin Delaware,"Purdue University, Artifact Evaluation Co-Chair"
Marco Gaboardi,"University at Buffalo, SUNY, United States, Workshops Co-Chair"
Michael Greenberg,"Pomona College, Publicity Chair"
Cătălin Hriţcu,"Inria Paris, Artifact Evaluation Co-Chair"
Zachary Kincaid,"Princeton University, United States, Workshops Co-Chair"
Hsiang-Shang ‘Josh’ Ko,"National Institute of Informatics, Japan, Website Chair, Taiwan"
Carole Mann,"R.S.L, Registration"
Carlos Mão de Ferro,"LASIGE, Faculty of Sciences, University of Lisbon, Portugal, Student Volunteer Co-Captain"
Alex Sanchez-Stern,"University of California, San Diego, United States, Student Volunteer Co-Captain"
Annabel Satin,"P.C.K., Conference Coordinator, Treasurer"
Vasco T. Vasconcelos,"LASIGE, Faculty of Sciences, University of Lisbon, Portugal, Local Arrangements Chair"
Niki Vazou,"IMDEA Software Institute, Student Research Competition Chair"
David Walker,"Princeton University, United States, Industrial Relations Chair"
Stephanie Weirich,"University of Pennsylvania, USA, Program Chair"
Jakub Zalewski,Video Chair
Aaron Stump,"The University of Iowa, USA, United States"
Alan Jeffrey,"Mozilla Research, United States"
Andreas Abel,"Gothenburg University, Sweden"
Andreas Podelski,"University of Freiburg, Germany, Germany"
Andrew Tolmach,Portland State University
Aws Albarghouthi,University of Wisconsin-Madison
Benjamin Delaware,Purdue University
Claudio Russo,Microsoft Research
Danel Ahman,"University of Ljubljana, Slovenia"
David Naumann,Stevens Institute of Technology
Dimitrios Vytiniotis,"Microsoft Research, Cambridge"
Dominic Orchard,"University of Kent, UK, United Kingdom"
Gabriel Scherer,"INRIA Saclay, France"
Gavin Bierman,"Oracle Labs, United Kingdom"
Heather Miller,Carnegie Mellon University
Hongjin Liang,"Nanjing University, China, China"
Hugo Herbelin,"Ichiro Hasuo, National Institute of Informatics, Japan, Japan"
Ilya Sergey,"Yale-NUS College and National University of Singapore, Singapore"
Jacques Garrigue,"Nagoya University, Japan"
Jan Hoffmann,"Carnegie Mellon University, United States"
Jean-Philippe Bernardy,University of Gothenburg
June Andronick,"Data61,CSIRO (formerly NICTA) and UNSW, Australia"
Justin Hsu,"University of Wisconsin-Madison, USA, United States"
P. Madhusudan,"University of Illinois at Urbana-Champaign, United States"
Martin Erwig,"Oregon State University, United States"
Matthew J. Parkinson,"Microsoft Research, UK, United Kingdom"
Mayur Naik,University of Pennsylvania
Michael D. Adams,"University of Utah, United States"
Michael Emmi,"SRI International, United States"
Michael Greenberg,Pomona College
Nate Foster,"Cornell University, United States"
Nicolas Tabareau,"Inria, France"
Nikhil Swamy,"Microsoft Research, United States"
Niki Vazou,IMDEA Software Institute
Nils Anders Danielsson,"University of Gothenburg, Chalmers University of Technology"
Noam Zeilberger,"University of Birmingham, UK"
Ori Lahav,Tel Aviv University
Patricia Johann,Appalachian State University
Peter O'Hearn,Facebook
Peter Selinger,Dalhaousie University
Radu Grigore,"University of Kent, United Kingdom"
Robbert Krebbers,"Delft University of Technology, Netherlands"
Robert Atkey,University of Strathclyde
Ryan R. Newton,"Indiana University, United States"
Sam Tobin-Hochstadt,"Indiana University, United States"
Scott Owens,"University of Kent, UK, United Kingdom"
Suresh Jagannathan,Purdue University
Swarat Chaudhuri,Rice University
Zhenjiang Hu,"National Institute of Informatics, Japan"
Matthew Hammer,"None, United States"
Stephanie Weirich,"University of Pennsylvania, USA, United States"
Brigitte Pientka,"McGill University, General Chair"
Lars Birkedal,"Aarhus University, Program Chair"
Leif Andersen,"Northeastern University, USA, Video Chair"
Benjamin Chung,"Northeastern University, Video Chair"
Benjamin Delaware,"Purdue University, Artifact Evaluation Co-Chair"
Nate Foster,"Cornell University, United States, Industrial Relations Co-Chair"
Michael Greenberg,"Pomona College, Publicity Chair"
Jan Hoffmann,"Carnegie Mellon University, United States, Workshops Co-Chair"
Kristoffer Just Arndal Andersen,"Aarhus University, Technical Support"
Jeehoon Kang,"KAIST, South Korea, Artifact Evaluation Co-Chair"
Zachary Kincaid,"Princeton University, United States, Workshops Co-Chair"
Hsiang-Shang ‘Josh’ Ko,"Institute of Information Science, Academia Sinica, Taiwan, Web Chair"
Ori Lahav,"Tel Aviv University, Student Research Competition Co-Chair"
Carole Mann,"R.S.L, Registration"
Michael Mislove,"Tulane, Local Chair"
Carlos Mão de Ferro,"Lasige / Faculty of Sciences, Universidade de Lisboa, Student Volunteer Co-Chair"
Annabel Satin,"P.C.K, Treasurer & Conference Manager"
Alexandra Silva,"University College London, United Kingdom, Accessibility Chair"
Hanneli Tavante,"McGill University, Student Volunteer Co-Chair"
Amin Timany,"imec-Distrinet KU-Leuven, Web Chair"
Niki Vazou,"IMDEA Software Institute, Student Research Competition Co-Chair"
David Walker,"Princeton University, United States, Industrial Relations Co-Chair"
Lars Birkedal,"Aarhus University, PC Chair"
Alastair F. Donaldson,"Imperial College London, United Kingdom"
Alexandra Silva,"University College London, United Kingdom"
Alexey Gotsman,"IMDEA Software Institute, Spain"
Andrej Bauer,"University of Ljubljana, Slovenia"
Andrew W. Appel,"Princeton, United States"
Andrzej Murawski,"University of Oxford, United Kingdom"
Arjun Guha,"University of Massachusetts Amherst, United States"
Armando Solar-Lezama,"Massachusetts Institute of Technology, United States"
Arthur Azevedo de Amorim,"Carnegie Mellon University, USA, United States"
Arthur Charguéraud,"Inria, France"
Azalea Raad,"MPI-SWS, Germany, United Kingdom"
Beta Ziliani,"FAMAF, UNC and CONICET, Argentina"
Bor-Yuh Evan Chang,University of Colorado Boulder | Amazon
Cédric Fournet,Microsoft Research
Cezara Drăgoi,"INRIA, ENS, CNRS, France"
Christine Tasson,University Paris Diderot
Chung-Kil Hur,"Seoul National University, Korea, South"
Colin Gordon,"Drexel University, United States"
Dominique Devriese,"Vrije Universiteit Brussel, Belgium"
Eran Yahav,"Technion, Israel"
Eric Koskinen,Stevens Institute of Technology
Filippo Bonchi,University of Pisa
Francesco Ranzato,"University of Padova, Italy"
Hiroshi Unno,"University of Tsukuba, Japan"
Jeffrey S. Foster,"Tufts University, United States"
Jeremy G. Siek,"Indiana University, USA, United States"
Jesper Cockx,"TU Delft, Netherlands"
Limin Jia,"Carnegie Mellon University, United States"
Magnus O. Myreen,"Chalmers University of Technology, Sweden"
Margus Veanes,Microsoft Research
Matteo Cimini,"University of Massachusetts Lowell, United States"
Mirco Tribastone,"IMT Institute for Advanced Studies Lucca, Italy"
Mohsen Lesani,"University of California, Riverside"
Noam Rinetzky,"Tel Aviv University, Israel"
Ohad Kammar,"University of Edinburgh, United Kingdom"
Osbert Bastani,"University of Pennsylvania, United States"
Peter Thiemann,"University of Freiburg, Germany"
Pierre-Yves Strub,"Ecole Polytechnique, France"
Radha Jagadeesan,DePaul University
Rastislav Bodík,"University of Washington, United States"
Roopsha Samanta,Purdue University
Sam Lindley,"The University of Edinburgh and Imperial College London, United Kingdom"
Sandrine Blazy,"Univ Rennes- IRISA, France"
Shuvendu K. Lahiri,Microsoft Research
Steve Zdancewic,"University of Pennsylvania, United States"
Sukyoung Ryu,"KAIST, South Korea"
Susmit Sarkar,University of St. Andrews
Sylvie Putot,École Polytechnique
Thomas Wies,New York University
Tiark Rompf,"Purdue University, United States"
Ugo Dal Lago,"University of Bologna, Italy / Inria, France, Italy"
Vijay Ganesh,"Georgia Institute of Technology, United States"
Xavier Rival,"INRIA/CNRS/ENS Paris, France"
Azadeh Farzan,"University of Toronto, Canada, PC Chair"
Parosh Aziz Abdulla,"Uppsala University, Sweden"
Umut A. Acar,Carnegie Mellon University
Nada Amin,"Harvard University, United States"
Mohamed Faouzi Atig,"Uppsala University, Sweden"
Mark Batty,"University of Kent, United Kingdom"
Josh Berdine,Facebook
Annette Bieniusa,"Technische Universität Kaiserslautern, Germany"
Ahmed Bouajjani,"IRIF, Université Paris Diderot, France"
William J. Bowman,"University of British Columbia, Canada"
Pavol Cerny,"TU Wien, Austria"
Sheng Chen,University of Louisiana at Lafayette
Adam Chlipala,"Massachusetts Institute of Technology, United States"
Ravi Chugh,University of Chicago
Loris D'Antoni,"University of Wisconsin-Madison, USA"
Marco Gaboardi,"Boston University, United States"
Pierre Ganty,"IMDEA Software Institute, Spain"
Deepak Garg,"Max Planck Institute for Software Systems, Germany"
Laure Gonnord,"University of Lyon & LIP, France"
Ichiro Hasuo,"National Institute of Informatics, Japan"
Matthias Heizmann,"University of Freiburg, Germany"
Bart Jacobs,"imec-DistriNet, Dept. CS, KU Leuven, Belgium"
Somesh Jha,"University of Wisconsin, Madison, United States"
Jeehoon Kang,"KAIST, South Korea"
Zachary Kincaid,"Princeton University, USA"
Naoki Kobayashi,"University of Tokyo, Japan"
Laura Kovacs,"Vienna University of Technology (TU Wien), Austria"
Dexter Kozen,"Cornell University, United States"
Rupak Majumdar,MPI-SWS
Luc Maranget,"Inria Paris, France"
Roland Meyer,TU Braunschweig
David Monniaux,Grenoble Alps University / CNRS / Grenoble INP / VERIMAG
Kedar Namjoshi,"Nokia Bell Labs, United States"
Andreas Pavlogiannis,"Aarhus University, Denmark"
Simon Peyton Jones,"Microsoft, UK"
Frank Pfenning,"Carnegie Mellon University, USA"
Nadia Polikarpova,University of California at San Diego
Arjun Radhakrishna,Microsoft
Aseem Rastogi,"Microsoft Research, India"
Sriram Sankaranarayanan,"University of Colorado, Boulder, United States"
Alan Schmitt,"Inria, France"
Taro Sekiyama,"National Institute of Informatics, Japan"
Zhong Shao,Yale University
Rahul Sharma,Microsoft Research
Rishabh Singh,"Google Brain, United States"
Ana Sokolova,"University of Salzburg, Austria"
Matthieu Sozeau,"Inria, France"
Viktor Vafeiadis,"MPI-SWS, Germany"
David Van Horn,"University of Maryland, USA"
Nobuko Yoshida,Imperial College London
Santiago Zanella-Béguelin,"Microsoft Research, Cambridge, United Kingdom"
Damien Zufferey,MPI-SWS
Andreas Podelski,"University of Freiburg, Germany, General Chair"
Azadeh Farzan,"University of Toronto, Canada, Program Chair"
Fritz Henglein,"Department of Computer Science, University of Copenhagen (DIKU) and Deon Digital, Local Arrangements Chair"
Nate Foster,"Cornell University, United States, Industrial Relations"
Jan Hoffmann,"Carnegie Mellon University, United States, Workshops Co-Chair"
Ruzica Piskac,"Yale University, USA, Workshops Co-Chair"
Ori Lahav,"Tel Aviv University, Student Research Competition Co-Chair"
Azalea Raad,"Imperial College London, Student Research Competition Co-Chair"
Jeehoon Kang,"KAIST, South Korea, Artifact Evaluation Co-Chair"
Pavel Panchekha,"University of Utah, United States, Artifact Evaluation Co-Chair"
Hsiang-Shang ‘Josh’ Ko,"Institute of Information Science, Academia Sinica, Taiwan, Web Chair"
Amin Timany,"Aarhus University, Denmark, Web Chair"
Michael Greenberg,"Pomona College, Publicity Chair and Virtualization Chair"
Alexandra Silva,"University College London, United Kingdom, Accessibility Chair"
Hanneli Tavante,"McGill University, Student Volunteer Co-Chair"
Aaron Weiss,"Northeastern University, United States, Student Volunteer Co-Chair"
Harrison Goldstein,"University of Pennsylvania, United States, Social Co-Chair"
Ilya Sergey,"Yale-NUS College and National University of Singapore, Singapore, Social Co-Chair"
Hongseok Yang,"KAIST, South Korea"
Michael D. Adams,"University of Michigan, United States"
Amal Ahmed,"Northeastern University, USA"
Robert Atkey,University of Strathclyde
Sandrine Blazy,"Univ Rennes, IRISA, France"
David Broman,"KTH, Sweden"
Michael Carbin,"Massachusetts Institute of Technology, United States"
Alvin Cheung,"University of California, Berkeley"
Wei-Ngan Chin,National University of Singapore
Pierre Clairambault,"CNRS & ENS Lyon, France"
Christos Dimoulas,"PLT @ Northwestern University, United States"
Michael Emmi,"Amazon Web Services, United States"
Ronald Garcia,University of British Columbia
Radu Grigore,"Facebook, United Kingdom"
Ronghui Gu,"Columbia University, United States"
Matthew Hague,"Royal Holloway University of London, United Kingdom"
Kihong Heo,"KAIST, South Korea"
Ralf Hinze,Technische Universität Kaiserslautern
Jan Hoffmann,"Carnegie Mellon University, United States"
Justin Hsu,"Cornell University, United States"
Atsushi Igarashi,"Kyoto University, Japan"
Ranjit Jhala,"University of California at San Diego, United States"
Benjamin Lucien Kaminski,"Saarland University and University College London, Germany"
Shin-ya Katsumata,"National Institute of Informatics, Japan"
Alex Kavvos,"University of Bristol, United Kingdom"
Andrew Kennedy,"Facebook London, United Kingdom"
Neel Krishnaswami,"University of Cambridge, United Kingdom"
Ori Lahav,"Tel Aviv University, Israel"
Leonidas Lampropoulos,"University of Maryland, College Park, Greece"
Woosuk Lee,"Hanyang University, South Korea"
Hongjin Liang,"Nanjing University, China"
Anthony Widjaja Lin,"TU Kaiserslautern; MPI-SWS, Germany"
Fan Long,"University of Toronto, Canada"
P. Madhusudan,"University of Illinois at Urbana-Champaign, United States"
Kenneth L. McMillan,"University of Texas at Austin, United States"
J. Garrett Morris,"The University of Iowa, United States"
Koko Muroya,"RIMS, Kyoto University, Japan"
C.-H. Luke Ong,"University of Oxford, United Kingdom"
Pavel Panchekha,"University of Utah, United States"
Matthew J. Parkinson,"Microsoft Research, UK, United Kingdom"
François Pottier,"Inria, France"
Philipp Ruemmer,"Uppsala University, Sweden"
Chung-chieh Shan,"Indiana University, USA"
Filip Sieczkowski,"University of Wrocław, Poland"
Bas Spitters,"Aarhus University, Denmark"
Sam Staton,University of Oxford
Kohei Suenaga,"Graduate School of Informatics, Kyoto University, Japan"
Tachio Terauchi,"Waseda University, Japan"
Aditya V. Thakur,"University of California at Davis, United States"
Caterina Urban,"INRIA & École Normale Supérieure | Université PSL, France"
Niki Vazou,IMDEA Software Institute
Dimitrios Vytiniotis,"DeepMind, United Kingdom"
John Wickerson,"Imperial College London, United Kingdom"
James R. Wilcox,"Certora, United States"
Nicolas Wu,"Imperial College London, United Kingdom"
Qirun Zhang,"Georgia Institute of Technology, United States"
Rajeev Alur,"University of Pennsylvania, General Chair"
Hongseok Yang,"KAIST, South Korea, PC Chair"
Nate Foster,"Cornell University, United States, Industrial Relations"
Loris D'Antoni,"University of Wisconsin-Madison, USA, Publicity Chair"
Ruzica Piskac,"Yale University, United States, Workshops Co-Chair"
Ilya Sergey,"National University of Singapore, Singapore, Workshops Co-Chair"
Jeehoon Kang,"KAIST, South Korea, Student Research Competition Co-Chair"
Azalea Raad,"Imperial College London, United Kingdom, Student Research Competition Co-Chair"
Pavel Panchekha,"University of Utah, United States, Artifact Evaluation Co-Chair"
Mukund Raghothaman,"University of Southern California, Artifact Evaluation Co-Chair"
Amin Timany,"Aarhus University, Denmark, Web Co-Chair"
Yuepeng Wang,"Simon Fraser University, Web Co-Chair"
Konstantinos Kallas,"University of Pennsylvania, Student Volunteer Co-Chair"
Aaron Weiss,"Northeastern University, United States, Student Volunteer Co-Chair"
Adam Chlipala,"Massachusetts Institute of Technology, United States, Virtualization Co-Chair"
Youyou Cong,"Tokyo Institute of Technology, Japan, Virtualization Co-Chair"
Jennifer Paykin,"Galois, Inc., United States, Accessibility, Diversity and Inclusion Chair"
Apoorv Ingle,"University of Iowa, United States, Video Chair"
Amal Ahmed,"Northeastern University, USA"
Robert Bruce Findler,"Northwestern University, United States"
Deepak Garg,"MPI-SWS, Germany"
François Pottier,"Inria, France"
Andreas Abel,"Gothenburg University, Sweden"
Nada Amin,"Harvard University, United States"
Stephanie Balzer,"Carnegie Mellon University, United States"
Josh Berdine,"Meta, United Kingdom"
Karthikeyan Bhargavan,"Inria, France"
Giuseppe Castagna,"CNRS; Université de Paris, France"
Tej Chajed,"VMware Research, United States"
Arthur Charguéraud,"Inria; Université de Strasbourg; CNRS; ICube, France"
Koen Claessen,"Chalmers University of Technology, Sweden"
Loris D'Antoni,"University of Wisconsin-Madison, United States"
Ugo Dal Lago,"University of Bologna; Inria, Italy"
Mila Dalla Preda,"University of Verona, Italy"
Ornela Dardha,"University of Glasgow, United Kingdom"
Benjamin Delaware,"Purdue University, United States"
Alastair F. Donaldson,"Imperial College London; Google, United Kingdom"
Richard A. Eisenberg,"Jane Street, United States"
Constantin Enea,"Ecole Polytechnique / LIX / CNRS, France"
Michael Greenberg,"Stevens Institute of Technology, United States"
Ichiro Hasuo,"National Institute of Informatics, Japan"
Hugo Herbelin,Inria
Zhenjiang Hu,"Peking University, China"
Suresh Jagannathan,"Purdue University, United States"
Alan Jeffrey,"Roblox, United States"
Patricia Johann,Appalachian State University
Jacques-Henri Jourdan,"CNR, LMF, France"
Ralf Jung,"ETH Zürich, Switzerland"
Ohad Kammar,"University of Edinburgh, United Kingdom"
Joost-Pieter Katoen,"RWTH Aachen University, Germany"
Ekaterina Komendantskaya,"Heriot-Watt University, UK"
Laura Kovacs,"Vienna University of Technology (TU Wien), Austria"
Robbert Krebbers,"Radboud University Nijmegen, Netherlands"
Lindsey Kuper,University of California at Santa Cruz
Akash Lal,"Microsoft Research, United States"
Xavier Leroy,"Collège de France, France"
Mohsen Lesani,University of California at Riverside
Daniel R. Licata,"Wesleyan University, United States"
Matteo Maffei,TU Wien
Isabella Mastroeni,"University of Verona, Italy"
Christoph Matheja,"DTU, Denmark"
Umang Mathur,"National University of Singapore, Singapore"
Todd Millstein,"University of California at Los Angeles, United States"
Andrzej Murawski,"University of Oxford, United Kingdom"
Santosh Nagarakatte,"Rutgers University, United States"
Aleksandar Nanevski,"IMDEA Software Institute, Spain"
David Naumann,"Stevens Institute of Technology, United States"
Dominic Orchard,"University of Kent, UK, United Kingdom"
Klaus Ostermann,University of Tübingen
Oded Padon,"VMware Research, United States"
Michele Pagani,"IRIF - Université de Paris Cité, France"
Marco Patrignani,"University of Trento, Italy"
David Pichardie,"Meta, France"
Brigitte Pientka,"McGill University, Canada"
Benjamin C. Pierce,"University of Pennsylvania, United States"
Clément Pit-Claudel,"EPFL / AWS, United States"
Andreas Podelski,"University of Freiburg, Germany"
Nadia Polikarpova,"University of California at San Diego, United States"
Damien Pous,CNRS
Christopher Pulte,"University of Cambridge, United Kingdom"
Corina S. Păsăreanu,"Carnegie Mellon University, United States"
Azalea Raad,"Imperial College London, United Kingdom"
Robert Rand,"University of Chicago, United States"
Noam Rinetzky,"Tel Aviv University, Israel"
Amr Sabry,"Indiana University, United States"
Malavika Samak,"CSAIL, MIT, United States"
Taro Sekiyama,"National Institute of Informatics, Japan"
Jonathan Sterling,"Aarhus University, Denmark"
Aaron Stump,"University of Iowa, United States"
Eijiro Sumii,"Tohoku University, Japan"
Nicolas Tabareau,"Inria, France"
Éric Tanter,University of Chile
Joseph Tassarotti,"NYU, United States"
Sam Tobin-Hochstadt,Indiana University
Andrew Tolmach,"Portland State University, United States"
Marco Vassena,"Utrecht University, Netherlands"
David Walker,"Princeton University, United States"
Conrad Watt,"University of Cambridge, United Kingdom"
Theo Winterhalter,"INRIA Saclay, France"
Ningning Xie,"Google Brain / University of Toronto, United Kingdom"
Francesco Zappa Nardelli,"Meta, France"
Elena Zucca,"University of Genoa, Italy"
Andrew Myers,Cornell University
Amal Ahmed,"Northeastern University, USA"
Ilya Sergey,"National University of Singapore, Singapore"
Kristopher Micinski,"Syracuse University, United States"
William J. Bowman,"University of British Columbia, Canada"
Anders Miltner,"Simon Fraser University, United States"
Jeehoon Kang,"KAIST, South Korea"
Danfeng Zhang,"Pennsylvania State University, United States"
Leonidas Lampropoulos,"University of Maryland, College Park, Greece"
Mukund Raghothaman,University of Southern California
Kostas Ferles,"Veridise Inc., United States"
Yuepeng Wang,"Simon Fraser University, Canada"
Shraddha Barke,"University of California at San Diego, United States"
Konstantinos Kallas,"University of Pennsylvania, United States"
Benjamin Delaware,"Purdue University, United States"
Guilherme Espada,"University of Lisbon, Portugal"
Nate Foster,"Cornell University, United States"
Apoorv Ingle,"University of Iowa, United States"
Neringa Young,Lithuania
Kathryn S McKinley,Google
Kathleen Fisher,"Tufts University, USA, United States"
Ravi Chugh,University of Chicago
Roopsha Samanta,Purdue University
Maria Christakis,"MPI-SWS, Germany"
Ross Tate,"Cornell University, United States"
Ben L. Titzer,"Google, Germany"
Stephen N. Freund,"Williams College, United States"
Michelle Strout,"University of Arizona, United States"
Brandon Lucia,"Carnegie Mellon University, United States"
Minjia Zhang,"Microsoft Research, United States"
Xujie Si,University of Pennsylvania
Matthias Springer,"Tokyo Institute of Technology, Germany"
Shoaib Akram,"Ghent University, Belgium"
Na Meng,"Virginia Tech, United States"
Annabel Satin,P.C.K.
Kathleen Fisher,"Tufts University, USA, United States"
Neha Agarwal,"Google, United States"
Amal Ahmed,"Northeastern University, USA, United States"
June Andronick,"Data61,CSIRO (formerly NICTA) and UNSW, Australia"
Walter Binder,"University of Lugano, Switzerland"
Camil Demetrescu,"Sapienza University Rome, Italy"
Alastair F. Donaldson,"Google and Imperial College London, United Kingdom"
Dana Drachsler Cohen,"ETH Zurich, Switzerland"
Michael Emmi,"SRI International, United States"
Xinyu Feng,"Nanjing University, China"
Michael Greenberg,Pomona College
Guy Gueta,VMWare Research
Martin Hirzel,"IBM Research, United States"
Chung-Kil Hur,"Seoul National University, Korea, South"
Suresh Jagannathan,Purdue University
Limin Jia,"Carnegie Mellon University, United States"
Gabriele Keller,"Utrecht University, Netherlands"
Shriram Krishnamurthi,"Brown University, United States"
Neel Krishnaswami,"Computer Laboratory, University of Cambridge"
Woosuk Lee,"Hanyang University, South Korea"
Nuno P. Lopes,Microsoft Research
Martin Maas,"Google, United States"
Kathryn S McKinley,Google
Sasa Misailovic,"University of Illinois at Urbana-Champaign, United States"
Nadia Polikarpova,"University of California, San Diego, United States"
Louis-Noël Pouchet,Colorado State University
Michael Pradel,"TU Darmstadt and Facebook, Germany"
Shaz Qadeer,"Facebook, United States"
Martin C. Rinard,"Massachusetts Institute of Technology, United States"
Cindy Rubio-González,"University of California, Davis, United States"
Jennifer B. Sartor,"Ghent University and Vrije Universiteit Brussel, Belgium"
Ilya Sergey,"Yale-NUS College, Singapore"
Zhendong Su,"ETH Zurich, Switzerland"
Zachary Tatlock,"University of Washington, Seattle, United States"
Ben L. Titzer,"Google, Germany"
Emina Torlak,"University of Washington, United States"
John Wickerson,"Imperial College London, United Kingdom"
Ayal Zaks,"Intel Corporation and Technion, Israel"
Eddy (Zheng) Zhang,Rutgers
Stephen N. Freund,Williams College
Eran Yahav,Technion
Dan Barowy,"Williams College, United States"
Matt Bowers,"MIT-CSAIL, United States"
Sarah E. Chasins,"University of California, Berkeley"
Ravi Chugh,"University of Chicago, United States"
Dan Grossman,"University of Washington, United States"
Arjun Guha,"Northeastern University, United States"
Dan Iorga,"Imperial College London, United Kingdom"
Stefan Marr,"University of Kent, United Kingdom"
Rachit Nigam,"Cornell University, USA"
Luís Pina,"University of Illinois at Chicago, United States"
Alexandra Silva,"University College London, United Kingdom"
Tyler Sorensen,University of California at Santa Cruz
Manu Sridharan,"University of California at Riverside, United States"
Niki Vazou,IMDEA Software Institute
John Wickerson,"Imperial College London, United Kingdom"
Adam Chlipala,"Massachusetts Institute of Technology, United States"
Aditya Kanade,"Indian Institute of Science, Bangalore"
Albert Cohen,"Google, France"
Andreas Rossberg,"Dfinity Stiftung, Germany"
Andreas Zeller,"CISPA Helmholtz Center for Information Security, Germany"
Anil Madhavapeddy,"OCaml Labs, United Kingdom"
Armando Solar-Lezama,"Massachusetts Institute of Technology, United States"
Ayal Zaks,"Intel Corporation and Technion, Israel"
Azalea Raad,"Imperial College London, United Kingdom"
Ben Greenman,"Brown University, United States"
Ben Hardekopf,"University of California at Santa Barbara, United States"
Ben Liblit,"Amazon, United States"
Ben L. Titzer,"Independent Consultant, United States"
Ben Zorn,Microsoft
Bor-Yuh Evan Chang,"University of Colorado at Boulder; Amazon, United States"
Brandon Lucia,"Carnegie Mellon University, United States"
Camil Demetrescu,"Sapienza University Rome, Italy"
Charlie Curtsinger,Grinnell College
Cindy Rubio-González,"University of California at Davis, United States"
Cormac Flanagan,University of California at Santa Cruz
Cristian Cadar,"Imperial College London, UK, United Kingdom"
Danfeng Zhang,"Pennsylvania State University, United States"
Darko Marinov,"University of Illinois at Urbana-Champaign, United States"
David I. August,"Princeton University, USA"
David Darais,"Galois, Inc., United States"
Doug Lea,"State University of New York (SUNY) Oswego, United States"
Eran Yahav,Technion
Erez Petrank,"Technion, Israel"
Eva Darulova,"MPI-SWS, Germany"
Francesco Logozzo,"Facebook, United States"
Fredrik Kjolstad,Stanford University
Gagandeep Singh,"VMWare Research and UIUC, United States"
Gail Kaiser,"Columbia University, United States"
Gerwin Klein,"CSIRO's Data61 and UNSW Sydney, Australia"
Görel Hedin,"Lund University, Sweden"
Grigore Roşu,University of Illinois at Urbana-Champaign
Gustavo Petri,ARM Research
He Zhu,"Rutgers University, USA"
Heather Miller,"Carnegie Mellon University, USA"
Hila Peleg,"Technion, Israel"
Hongseok Yang,"KAIST, South Korea"
Jan Hoffmann,"Carnegie Mellon University, United States"
John Sarracino,"University of California, San Diego"
José Fragoso Santos,"INESC-ID/Instituto Superior Técnico, Portugal"
Joseph Devietti,University of Pennsylvania
Joxan Jaffar,"National University of Singapore, Singapore"
Julian Dolby,"IBM Research, USA"
Julian Shun,MIT
Kapil Vaswani,Microsoft Research
Ke Wang,Visa Research
Kwangkeun Yi,"Seoul National University, South Korea"
Lindsey Kuper,University of California at Santa Cruz
Loris D'Antoni,"University of Wisconsin-Madison, USA"
Louis-Noël Pouchet,"Colorado State University, USA"
Madan Musuvathi,Microsoft Research
Magnus Madsen,Aarhus University
Magnus O. Myreen,Chalmers University of Technology
Mahmut Taylan Kandemir,"Pennsylvania State University, United States"
Marc Brockschmidt,"Microsoft Research, United Kingdom"
Markus Püschel,"ETH Zurich, Switzerland"
Matthew Flatt,"University of Utah, USA"
Michael D. Bond,"Ohio State University, USA"
Michael Hicks,University of Maryland at College Park
Michael F. P. O'Boyle,University of Edinburgh
Michael Pradel,"University of Stuttgart, Germany"
Milind Kulkarni,"Purdue University, United States"
Na Meng,"Virginia Tech, USA"
Nate Foster,"Cornell University, United States"
Nathan Chong,"Amazon, United Kingdom"
Nikhil Swamy,"Microsoft Research, United States"
Nikos Vasilakis,"MIT CSAIL, USA, Greece"
Nuno P. Lopes,"Microsoft Research, United Kingdom"
Oded Padon,"VMWare Research, United States"
Osbert Bastani,"University of Pennsylvania, United States"
Paul Gazzillo,"University of Central Florida, United States"
Pavel Panchekha,"University of Utah, United States"
Pavol Bielik,"ETH Zurich, Switzerland"
Rahul Sharma,Microsoft Research
Ranjit Jhala,University of California at San Diego
Ravi Chugh,"University of Chicago, United States"
Rishabh Singh,"Google Brain, United States"
Roopsha Samanta,Purdue University
Ruzica Piskac,"Yale University, USA"
Ryan R. Newton,"Facebook, United States"
Sandeep Dasgupta,"Google, USA, United States"
Sara Achour,"MIT, United States"
Saswat Padhi,"Amazon Web Services, USA, United States"
Saumya Debray,University of Arizona
Saurav Muralidharan,"NVIDIA, United States"
Sebastian Hack,"Saarland University, Germany"
Simon Peyton Jones,"Microsoft, United Kingdom"
Sorav Bansal,"IIT Delhi and CompilerAI Labs, India"
Stephen Kell,"King's College London, United Kingdom"
Steve Blackburn,"Australian National University, Australia"
Sukyoung Ryu,"KAIST, South Korea"
Suresh Jagannathan,"Purdue University, United States"
Tahina Ramananandro,"Microsoft Research, United States"
Tamara Rezk,"Inria, France"
Tatiana Shpeisman,"Google, United States"
Thomas Reps,"University of Wisconsin, United States"
Thomas Shull,Oracle Labs
Timon Gehr,"ETH Zurich, Switzerland"
Ting Cao,"Microsoft Research, China"
Tobias Wrigstad,"Uppsala University, Sweden"
Toby Murray,"University of Melbourne, Australia"
Todd Millstein,University of California at Los Angeles
Tomofumi Yuki,INRIA
Tony Hosking,"Australian National University, Australia"
Uri Alon,Technion
Vijay Ganesh,"Georgia Tech, United States"
Viktor Kunčak,"EPFL, Switzerland, Switzerland"
Viktor Vafeiadis,"MPI-SWS, Germany"
Vivek Sarkar,"Rice University, United States"
Willem Visser,"Stellenbosch University, South Africa, South Africa"
Woosuk Lee,"Hanyang University, South Korea"
Xinyu Feng,"Nanjing University, China"
Xinyu Wang,"University of Michigan, United States"
Xulong Tang,"University of Pittsburgh, United States"
Yaniv David,Technion
Yannis Smaragdakis,University of Athens
Zachary Tatlock,"University of Washington, Seattle, United States"
Swarat Chaudhuri,Rice University
Işıl Dillig,"University of Texas at Austin, United States"
Martin C. Rinard,"Massachusetts Institute of Technology, United States"
Caitlin Sadowski,Unknown
Xin Zhang,"Peking University, China"
Ranjit Jhala,"University of California at San Diego; Amazon Web Services, United States"
Işıl Dillig,"University of Texas at Austin, United States"
Dan Barowy,"Williams College, United States"
Matt Bowers,"MIT-CSAIL, United States"
William J. Bowman,"University of British Columbia, Canada"
Ravi Chugh,University of Chicago
Guilherme Espada,"LASIGE, Faculdade de Ciências, Universidade de Lisboa, Portugal"
Dan Grossman,"University of Washington, United States"
Arjun Guha,"Northeastern University, United States"
Sasa Misailovic,"University of Illinois at Urbana-Champaign, United States"
Madan Musuvathi,Microsoft Research
Santosh Nagarakatte,"Rutgers University, United States"
Rachit Nigam,"Cornell University, United States"
Nadia Polikarpova,"University of California at San Diego, United States"
Alexandra Silva,"Cornell University, United States"
Tyler Sorensen,"University of California at Santa Cruz, United States"
Jubi Taneja,"Microsoft Research, United States"
Hanneli Tavante,McGill University
Niki Vazou,IMDEA Software Institute
Xinyu Wang,"University of Michigan, United States"
Niki Vazou,IMDEA Software Institute
Xinyu Wang,"University of Michigan, United States"
Adithya Murali,"University of Illinois at Urbana-Champaign, United States"
Adrian Palacios,"Amazon Web Services, Spain"
Akram El-Korashy,MPI-SWS
Alcides Fonseca,"LASIGE, Faculty of Sciences, University of Lisbon, Portugal"
Alexandra Bugariu,"ETH Zurich, Switzerland"
Alexios Voulimeneas,"imec-DistriNet, KU Leuven, Belgium"
Ali Shokri,"Rochester Institute of Technology, United States"
Anju M A,"IIT Madras, India"
Austin Mordahl,"University of Texas at Dallas, United States"
Benjamin Mariano,"The University of Texas at Austin, Texas, USA, United States"
Clemens Dubslaff,"TU Dresden, Germany"
Daming Zou,"ETH Zurich, Switzerland"
David Moon,University of Michigan
Deivid Vale,"Radboud University, Netherlands"
Dominik Winterer,"ETH Zurich, Switzerland"
Dongpeng Xu,"University of New Hampshire, United States"
Elliott Slaughter,SLAC National Accelerator Laboratory
Goran Piskachev,"Fraunhofer IEM, Germany"
Guannan Wei,"Purdue University, United States"
Guilherme Espada,"LASIGE, Faculdade de Ciências, Universidade de Lisboa, Portugal"
Hailong Zhang,Fordham University
Hendrik Maarand,Tallinn University of Technology
Hernán Ponce de León,"Bundeswehr University Munich, Germany"
Hongzheng Chen,"Cornell University, United States"
Hugo Brunie,INRIA
Irene Yoon,University of Pennsylvania
Jason Hemann,"Northeastern University, United States"
Jialu Bao,Cornell University
Jie Zhou,"University of Rochester, United States"
Jingbo Wang,University of Southern California
Jingxuan He,"ETH Zurich, Switzerland"
Jonas Kastberg Hinrichsen,"Aarhus University, Denmark"
Jules Jacobs,Radboud University
Karine Even-Mendoza,"Imperial College London, United Kingdom"
Keyur Joshi,"University of Illinois at Urbana-Champaign, United States"
Larisa Safina,"INRIA Lillle - Nord Europe, France"
Lars B. van den Haak,"Eindhoven University of Technology, Netherlands"
Madhukar Kedlaya,"Shape Security, United States"
Maja Hanne Kirkeby,
Mallku Soldevila,"FAMAF, UNC / CONICET, Argentina"
Marcos Horro Varela,"Advanced Micro Devices (AMD), Spain"
Marcos Yukio Siraichi,The University of Tokyo
Maria Bendix Mikkelsen,
Mário Pereira,NOVA LINCS & DI -- Nova School of Science and Technology
Martin Lester,"University of Reading, United Kingdom"
Maxime Cordy,"University of Luxembourg, Luxembourg"
Maxi Wuttke,"MPI-SWS, Germany"
Mehran Alidoost Nia,"University of Tehran, Iran"
Neea Rusch,"Augusta University, United States"
Peixin Wang,University of Oxford
Pengbo Yan,University of Melbourne
Phil Nguyen,Google
Pietro Ferrara,"Università Ca' Foscari, Venezia, Italy"
Quang-Trung Ta,National University of Singapore
Raphaël Monat,"Sorbonne Université — LIP6, France"
Roberto Blanco,Max Planck Institute for Security and Privacy (MPI-SP)
Shangyin Tan,"Purdue University, United States"
Shouvick Mondal,"Concordia University, Montreal, Canada"
Somesh Singh,"INRIA, ENS Lyon, France"
Stanly Samuel,"Indian Institute of Science, India"
Stefanos Chaliasos,"Imperial College London, United Kingdom"
Thodoris Sotiropoulos,"Athens University of Economics and Business, Greece"
Ton Chanh Le,Stevens Institute of Technology
Utpal Bora,"IIT Hyderabad, India"
Weixin Zhang,"University of Bristol, UK"
Wenxi Wang,"University of Texas at Austin, United States"
Yahui Song,"National University of Singapore, Singapore"
Yangyu Zhang,"Institute of Computing Technology, Chinese Academy of Sciences, China"
Yanju Chen,"University of California, Santa Barbara, United States"
Yanjun Wang,"Purdue University, USA"
Yann Herklotz,"Imperial College London, United Kingdom"
Yixuan Chen,"Yale University, USA"
Yuke Wang,"UC Santa Barbara, United States"
Yutian Tang,"ShanghaiTech University, China"
Zheng Guo,"University of California, San Diego"
Zixian Cai,"Australian National University, Australia"
Ziyang Xu,"Princeton University, United States"
Emilio Jesús Gallego Arias,"INRIA, France"
Alex Gu,"MIT CSAIL, United States"
Lennard Gäher,"MPI-SWS & Saarland University, Germany"
Adharsh Kamath,"NITK Surathkal, India"
Daniel Marshall,"University of Kent, UK, United Kingdom"
Simon Spies,"MPI-SWS & Saarland University, Germany"
Pedro da Costa Abreu Junior,Purdue University
Alastair F. Donaldson,"Imperial College London, United Kingdom"
Emina Torlak,"University of Washington, United States"
Jonathan Bell,"George Mason University, United States"
Sarah E. Chasins,"University of California, Berkeley"
Stephen N. Freund,"Williams College, United States"
Dan Iorga,"Imperial College London, UK, United Kingdom"
Brandon Lucia,"Carnegie Mellon University, USA"
Stefan Marr,"University of Kent, United Kingdom"
Na Meng,"Virginia Tech, United States"
Luís Pina,"University of Illinois at Chicago, United States"
Azalea Raad,"Imperial College London, United Kingdom"
John Renner,"University of California at San Diego, USA"
Annabel Satin,P.C.K.
Manu Sridharan,"University of California Riverside, United States"
Ross Tate,"Cornell University, United States"
Ben L. Titzer,"Google, Germany"
John Wickerson,"Imperial College London, United Kingdom"
Emina Torlak,"University of Washington, United States"
Aws Albarghouthi,"University of Wisconsin-Madison, USA"
Dan Barowy,"Williams College, United States"
Michael D. Bond,"Ohio State University, USA"
James Bornholt,"University of Texas at Austin, United States"
Sebastian Burckhardt,"Microsoft Research, Switzerland"
Michael Carbin,"Massachusetts Institute of Technology, USA"
Satish Chandra,"Facebook, United States"
Alvin Cheung,"University of California, Berkeley"
Işıl Dillig,"University of Texas at Austin, USA"
Yufei Ding,"UCSB, China"
Cezara Drăgoi,"INRIA, ENS, CNRS, France"
Stephen N. Freund,"Williams College, United States"
Patrice Godefroid,"Microsoft Research, United States"
Ronghui Gu,"Columbia University, USA"
Arjun Guha,Northeastern University
Sam Guyer,"Tufts University, United States"
Peter Hawkins,Google
Shachar Itzhaky,"Technion, Israel, Israel"
Alexandra Jimborean,"Uppsala University, Sweden"
Shoaib Kamil,Adobe
Sriram Krishnamoorthy,Pacific Northwest National Laboratories
Akash Lal,"Microsoft Research India, India"
Fan Long,"University of Toronto, Canada"
Santosh Nagarakatte,"Rutgers University, USA"
Klaus Ostermann,"University of Tübingen, Germany"
Corina S. Pasareanu,"Carnegie Mellon University Silicon Valley, NASA Ames Research Center"
Phitchaya Mangpo Phothilimthana,Google
Ruzica Piskac,"Yale University, USA"
Mukund Raghothaman,University of Southern California
Veselin Raychev,DeepCode AG
John Regehr,"University of Utah, United States"
Adrian Sampson,"Cornell University, USA"
Chris Seaton,"Shopify, United Kingdom"
Tyler Sorensen,"Princeton University, United States"
Michelle Strout,"University of Arizona, United States"
Petar Tsankov,"ETH Zurich / ChainSecurity, Switzerland"
Mandana Vaziri,IBM Research
John Vilk,"Stripe, United States"
Dimitrios Vytiniotis,"DeepMind, United Kingdom"
Ke Wang,"Visa Research, United States"
Eran Yahav,"Technion, Israel"
Qirun Zhang,"Georgia Institute of Technology, USA"
Steve Blackburn,"Google and Australian National University, Australia"
Nate Foster,"Cornell University, United States"
Manuel Rigger,"National University of Singapore, Singapore"
Xinyu Wang,"University of Michigan, United States"
Madan Musuvathi,Microsoft Research
Fernando Magno Quintão Pereira,"Federal University of Minas Gerais, Brazil"
William J. Bowman,"University of British Columbia, Canada"
Anders Miltner,"Simon Fraser University, United States"
Rachit Nigam,"Cornell University, United States"
Alex Renda,"Massachusetts Institute of Technology, United States"
Sasa Misailovic,"University of Illinois at Urbana-Champaign, United States"
Deian Stefan,"University of California at San Diego, United States"
Chandrakana Nandi,"Certora, United States"
Jubi Taneja,"Microsoft Research, United States"
Zixian Cai,"Australian National University, Australia"
Guilherme Espada,"LASIGE, University of Lisbon, Portugal"
John Hui,"Columbia University, New York, United States"
Michael B. James,"University of California at San Diego, United States"
Hanneli Tavante,Unaffiliated
Dan Barowy,"Williams College, United States"
Jedidiah McClurg,"Colorado State University, United States"
Nadia Polikarpova,"University of California at San Diego, United States"
Zachary Tatlock,"University of Washington, United States"
Nate Foster,"Cornell University, United States"
Vinod Grover,"NVIDIA, United States"
Matthias Hauswirth,"USI Lugano, Switzerland"
Michael Hicks,"Amazon Web Services and the University of Maryland, United States"
Shan Lu,"University of Chicago, United States"
Sukyoung Ryu,"KAIST, South Korea"
John Regehr,University of Utah
Adam Chlipala,"Massachusetts Institute of Technology, United States"
Benjamin Delaware,"Purdue University, United States"
Christos Dimoulas,"PLT @ Northwestern University, United States"
Eric Eide,"University of Utah, United States"
Andreas Rossberg,"Independent, Germany"
Michelle Mills Strout,Hewlett Packard Enterprise
Parosh Aziz Abdulla,"Uppsala University, Sweden"
Umut A. Acar,"Carnegie Mellon University, United States"
Jade Alglave,"University College London, France"
Jason Ansel,"Meta, United States"
Sotiris Apostolakis,"Google, United States"
Dan Barowy,"Williams College, United States"
Ryan Beckett,"Microsoft Research, USA"
Walter Binder,"USI Lugano, Switzerland"
Rastislav Bodík,"Google Research, Brain Team, United States"
Michael D. Bond,"Ohio State University, USA"
Mihai Budiu,VMware Research Group
Calin Cascaval,"Google Research, New Zealand"
Satish Chandra,"Meta Platforms, United States"
Swarat Chaudhuri,"University of Texas at Austin, United States"
James Cheney,"University of Edinburgh, United Kingdom"
Stephen Chong,"Harvard University, United States"
Loris D'Antoni,"University of Wisconsin-Madison, United States"
Yaniv David,"Columbia University, United States"
Brian Demsky,University of California at Irvine
Dana Drachsler Cohen,"Technion, Israel"
Kevin Ellis,"Cornell University, United States"
Xinyu Feng,"Nanjing University, China"
Irene Finocchi,"Luiss Guido Carli, Italy"
Alcides Fonseca,"University of Lisbon, Portugal"
Zhoulai Fu,"State University of New York, Korea"
François Gauthier,"Oracle Labs, Australia"
Paul Gazzillo,"University of Central Florida, United States"
Pierre Geneves,"CNRS/LIG, France"
Guy Gueta,VMWare
Sam Guyer,"Tufts University, United States"
Kihong Heo,"KAIST, South Korea"
Josiah Hester,"Georgia Institute of Technology, United States"
Jan Hoffmann,"Carnegie Mellon University, United States"
Chung-Kil Hur,"Seoul National University, South Korea"
Limin Jia,Carnegie Mellon University
Alexandra Jimborean,"University of Murcia, Spain"
Gowtham Kaki,"University of Colorado Boulder, United States"
Fredrik Kjolstad,"Stanford University, United States"
Eric Koskinen,"Stevens Institute of Technology, United States"
Robbert Krebbers,"Radboud University Nijmegen, Netherlands"
Viktor Kunčak,"EPFL, Switzerland"
Ori Lahav,"Tel Aviv University, Israel"
Akash Lal,Microsoft Research
Leonidas Lampropoulos,"University of Maryland, College Park, Greece"
Owolabi Legunsen,"Cornell University, United States"
Mohsen Lesani,"University of California at Riverside, United States"
Yao Li,"Portland State University, United States"
Yu David Liu,"SUNY Binghamton, United States"
Alexey Loginov,"Meta, United States"
Nuno P. Lopes,"INESC-ID; Instituto Superior Técnico - University of Lisbon, Portugal"
Brandon Lucia,"Carnegie Mellon University, USA"
Konstantinos Mamouras,"Rice University, United States"
Jedidiah McClurg,"Colorado State University, United States"
Maryam Mehri Dehnavi,"University of Toronto, Canada"
Charith Mendis,"University of Illinois at Urbana-Champaign, United States"
Dimitris Mitropoulos,"University of Athens, Greece"
Toby Murray,"University of Melbourne, Australia"
Magnus O. Myreen,Chalmers University of Technology
Cyrus Omar,"University of Michigan, United States"
Peter-Michael Osera,"Grinnell College, United States"
Oded Padon,"VMware Research, United States"
Zoe Paraskevopoulou,"Northeastern University, United States"
Hila Peleg,"Technion, Israel"
Lauren Pick,"University of Wisconsin-Madison and University of California, Berkeley, United States"
Ruzica Piskac,"Yale University, United States"
Louis-Noël Pouchet,"Colorado State University, USA"
Jorge A. Pérez,"University of Groningen, Netherlands"
Jonathan Ragan-Kelley,"Massachusetts Institute of Technology, United States"
Mukund Raghothaman,"University of Southern California, United States"
Veselin Raychev,DeepCode AG
Alastair Reid,"Arm Ltd, United Kingdom"
Noam Rinetzky,"Tel Aviv University, Israel"
Cindy Rubio-González,"University of California at Davis, United States"
Susmit Sarkar,University of St. Andrews
Ilya Sergey,"National University of Singapore, Singapore"
Thomas Shull,Oracle Labs
Jeremy G. Siek,"Indiana University, USA, United States"
Gagandeep Singh,"University of Illinois at Urbana-Champaign, United States"
KC Sivaramakrishnan,"IIT Madras and Tarides, India"
Gang Tan,"Pennsylvania State University, United States"
Xulong Tang,University of Pittsburgh
Joseph Tassarotti,"NYU, United States"
Zachary Tatlock,"University of Washington, United States"
Sam Tobin-Hochstadt,Indiana University
Jean-Baptiste Tristan,"Amazon Web Services, United States"
David Van Horn,"University of Maryland, United States"
Niki Vazou,IMDEA Software Institute
Freek Verbeek,"Open University of the Netherlands, The Netherlands"
Abhinav Verma,The Pennsylvania State University
Chao Wang,"University of Southern California, United States"
Ke Wang,"Visa Research, United States"
James R. Wilcox,"University of Washington, Seattle, United States"
Ningning Xie,"Google DeepMind / University of Toronto, Canada"
Yingfei Xiong,"Peking University, China"
Jeremy Yallop,"University of Cambridge, United Kingdom"
Peisen Yao,"Zhejing University, China"
Greta Yorsh,Jane Street
Ayal Zaks,Mobileye
Yizhou Zhang,"University of Waterloo, Canada"
He Zhu,"Rutgers University, USA"
